{
  "hash": "cd1f704c",
  "configHash": "249df604",
  "lockfileHash": "1164fe19",
  "browserHash": "b550a53e",
  "optimized": {
    "@angular/common": {
      "src": "../../../../../node_modules/@angular/common/fesm2022/common.mjs",
      "file": "@angular_common.js",
      "fileHash": "98607414",
      "needsInterop": false
    },
    "@angular/common/http": {
      "src": "../../../../../node_modules/@angular/common/fesm2022/http.mjs",
      "file": "@angular_common_http.js",
      "fileHash": "a29e167c",
      "needsInterop": false
    },
    "@angular/core": {
      "src": "../../../../../node_modules/@angular/core/fesm2022/core.mjs",
      "file": "@angular_core.js",
      "fileHash": "e4d8ee43",
      "needsInterop": false
    },
    "@angular/forms": {
      "src": "../../../../../node_modules/@angular/forms/fesm2022/forms.mjs",
      "file": "@angular_forms.js",
      "fileHash": "bb351db4",
      "needsInterop": false
    },
    "@angular/platform-browser": {
      "src": "../../../../../node_modules/@angular/platform-browser/fesm2022/platform-browser.mjs",
      "file": "@angular_platform-browser.js",
      "fileHash": "02f44d97",
      "needsInterop": false
    },
    "@angular/router": {
      "src": "../../../../../node_modules/@angular/router/fesm2022/router.mjs",
      "file": "@angular_router.js",
      "fileHash": "0b8fb770",
      "needsInterop": false
    },
    "ng-angular-popup": {
      "src": "../../../../../node_modules/ng-angular-popup/fesm2022/ng-angular-popup.mjs",
      "file": "ng-angular-popup.js",
      "fileHash": "4cbc392d",
      "needsInterop": false
    },
    "rxjs": {
      "src": "../../../../../node_modules/rxjs/dist/esm5/index.js",
      "file": "rxjs.js",
      "fileHash": "539860ea",
      "needsInterop": false
    }
  },
  "chunks": {
    "chunk-L66EZUEI": {
      "file": "chunk-L66EZUEI.js"
    },
    "chunk-ASSI7AHC": {
      "file": "chunk-ASSI7AHC.js"
    },
    "chunk-INRR4AK2": {
      "file": "chunk-INRR4AK2.js"
    },
    "chunk-42WQNBAL": {
      "file": "chunk-42WQNBAL.js"
    },
    "chunk-J7KUYYNH": {
      "file": "chunk-J7KUYYNH.js"
    }
  }
}