{
  "hash": "5d02ad30",
  "configHash": "7b9d1c84",
  "lockfileHash": "1164fe19",
  "browserHash": "c2459630",
  "optimized": {
    "@angular/common": {
      "src": "../../../../../node_modules/@angular/common/fesm2022/common.mjs",
      "file": "@angular_common.js",
      "fileHash": "ae309c03",
      "needsInterop": false
    },
    "@angular/common/http": {
      "src": "../../../../../node_modules/@angular/common/fesm2022/http.mjs",
      "file": "@angular_common_http.js",
      "fileHash": "350d293b",
      "needsInterop": false
    },
    "@angular/core": {
      "src": "../../../../../node_modules/@angular/core/fesm2022/core.mjs",
      "file": "@angular_core.js",
      "fileHash": "ad929601",
      "needsInterop": false
    },
    "@angular/forms": {
      "src": "../../../../../node_modules/@angular/forms/fesm2022/forms.mjs",
      "file": "@angular_forms.js",
      "fileHash": "ccb2ea5d",
      "needsInterop": false
    },
    "@angular/platform-browser": {
      "src": "../../../../../node_modules/@angular/platform-browser/fesm2022/platform-browser.mjs",
      "file": "@angular_platform-browser.js",
      "fileHash": "10b12873",
      "needsInterop": false
    },
    "@angular/platform-server": {
      "src": "../../../../../node_modules/@angular/platform-server/fesm2022/platform-server.mjs",
      "file": "@angular_platform-server.js",
      "fileHash": "4db5d707",
      "needsInterop": false
    },
    "@angular/router": {
      "src": "../../../../../node_modules/@angular/router/fesm2022/router.mjs",
      "file": "@angular_router.js",
      "fileHash": "3f3e929f",
      "needsInterop": false
    },
    "ng-angular-popup": {
      "src": "../../../../../node_modules/ng-angular-popup/fesm2022/ng-angular-popup.mjs",
      "file": "ng-angular-popup.js",
      "fileHash": "b1c60ffa",
      "needsInterop": false
    },
    "rxjs": {
      "src": "../../../../../node_modules/rxjs/dist/cjs/index.js",
      "file": "rxjs.js",
      "fileHash": "7b011ab3",
      "needsInterop": true
    }
  },
  "chunks": {
    "xhr2-YHDINHYX": {
      "file": "xhr2-YHDINHYX.js"
    },
    "chunk-SDR3AECS": {
      "file": "chunk-SDR3AECS.js"
    },
    "chunk-U2UUT3E6": {
      "file": "chunk-U2UUT3E6.js"
    },
    "chunk-ZL7UH5RA": {
      "file": "chunk-ZL7UH5RA.js"
    },
    "chunk-DVDUUAY4": {
      "file": "chunk-DVDUUAY4.js"
    },
    "chunk-EJ2C3PPS": {
      "file": "chunk-EJ2C3PPS.js"
    },
    "chunk-5PGU7M6N": {
      "file": "chunk-5PGU7M6N.js"
    },
    "chunk-LED6VGVJ": {
      "file": "chunk-LED6VGVJ.js"
    }
  }
}